1	950	4405	20	 120428 	
2	950	4286	20	 120449 	
3	950	4319	20	 120509 	
4	950	4374	20	 120529 	
5	950	4383	20	 120550 	
6	950	4304	20	 120610 	
7	950	4329	20	 120630 	
8	950	4246	20	 120650 	
9	950	4193	20	 120711 	
10	950	4222	20	 120731 	
11	950	4349	20	 120751 	
12	950	4299	20	 120812 	
13	950	4274	20	 120832 	
14	950	4303	20	 120852 	
15	950	4162	20	 120913 	
16	950	4220	20	 120933 	
17	950	4291	20	 120953 	
18	950	4343	20	 121013 	
19	950	4198	20	 121034 	
20	950	4306	20	 121054 	
21	950	4221	20	 121114 	
22	950	4316	20	 121135 	
23	950	4290	20	 121155 	
24	950	4263	20	 121215 	
25	950	4291	20	 121235 	
26	950	4452	20	 121256 	
27	950	4361	20	 121316 	
28	950	4227	20	 121336 	
29	950	4292	20	 121357 	
30	950	4340	20	 121417 	
31	950	4205	20	 121437 	
32	950	4332	20	 121458 	
33	950	4188	20	 121518 	
34	950	4212	20	 121538 	
35	950	4354	20	 121558 	
36	950	4248	20	 121619 	
37	950	4277	20	 121639 	
38	950	4282	20	 121659 	
39	950	4246	20	 121720 	
40	950	4330	20	 121740 	
41	950	4281	20	 121800 	
42	950	4296	20	 121820 	
43	950	4263	20	 121841 	
44	950	4260	20	 121901 	
45	950	4267	20	 121921 	
46	950	4326	20	 121941 	
47	950	4136	20	 122002 	
48	950	4287	20	 122022 	
49	950	4224	20	 122042 	
50	950	4291	20	 122103 	
51	950	4306	20	 122123 	
52	950	4284	20	 122143 	
53	950	4286	20	 122204 	
54	950	4296	20	 122224 	
55	950	4222	20	 122244 	
56	950	4371	20	 122304 	
57	950	4286	20	 122325 	
58	950	4358	20	 122345 	
59	950	4365	20	 122405 	
60	950	4182	20	 122426 	
61	950	4302	20	 122446 	
62	950	4374	20	 122506 	
63	950	4234	20	 122526 	
64	950	4378	20	 122547 	
65	950	4325	20	 122607 	
66	950	4342	20	 122627 	
67	950	4304	20	 122648 	
68	950	4278	20	 122708 	
69	950	4483	20	 122728 	
70	950	4353	20	 122748 	
71	950	4313	20	 122809 	
72	950	4295	20	 122829 	
73	950	4292	20	 122849 	
74	950	4276	20	 122910 	
75	950	4332	20	 122930 	
76	950	4111	20	 122950 	
77	950	4319	20	 123010 	
78	950	4260	20	 123031 	
79	950	4260	20	 123051 	
80	950	4275	20	 123111 	
81	950	4337	20	 123132 	
82	950	4306	20	 123152 	
83	950	4157	20	 123212 	
84	950	4276	20	 123232 	
85	950	4309	20	 123253 	
86	950	4149	20	 123313 	
87	950	4296	20	 123333 	
88	950	4241	20	 123354 	
89	950	4277	20	 123414 	
90	950	4196	20	 123434 	
91	950	4293	20	 123454 	
92	950	4317	20	 123515 	
93	950	4237	20	 123535 	
94	950	4334	20	 123555 	
95	950	4316	20	 123615 	
96	950	4289	20	 123636 	
97	950	4285	20	 123656 	
98	950	4280	20	 123716 	
99	950	4304	20	 123737 	
100	950	4347	20	 123757 	
101	950	4210	20	 123817 	
102	950	4317	20	 123838 	
103	950	4398	20	 123858 	
104	950	4199	20	 123918 	
105	950	4304	20	 123938 	
106	950	4354	20	 123959 	
107	950	4291	20	 124019 	
108	950	4317	20	 124039 	
109	950	4369	20	 124100 	
110	950	4415	20	 124120 	
111	950	4321	20	 124140 	
112	950	4215	20	 124200 	
113	950	4221	20	 124221 	
114	950	4176	20	 124241 	
115	950	4234	20	 124301 	
116	950	4361	20	 124322 	
117	950	4151	20	 124342 	
118	950	4343	20	 124402 	
119	950	4259	20	 124423 	
120	950	4264	20	 124443 	
121	950	4280	20	 124503 	
122	950	4270	20	 124523 	
123	950	4325	20	 124544 	
124	950	4236	20	 124604 	
125	950	4217	20	 124624 	
126	950	4189	20	 124645 	
127	950	4164	20	 124705 	
128	950	4234	20	 124725 	
129	950	4243	20	 124745 	
130	950	4356	20	 124806 	
131	950	4237	20	 124826 	
132	950	4197	20	 124846 	
133	950	4241	20	 124907 	
134	950	4098	20	 124927 	
135	950	4257	20	 124947 	
136	950	4258	20	 125008 	
137	950	4295	20	 125028 	
138	950	4214	20	 125048 	
139	950	4405	20	 125109 	
140	950	4272	20	 125129 	
141	950	4251	20	 125149 	
142	950	4222	20	 125209 	
143	950	4277	20	 125230 	
144	950	4272	20	 125250 	
145	950	4323	20	 125310 	
146	950	4290	20	 125331 	
147	950	4386	20	 125351 	
148	950	4223	20	 125411 	
149	950	4365	20	 125432 	
150	950	4243	20	 125452 	
151	950	4161	20	 125512 	
152	950	4345	20	 125533 	
153	950	4295	20	 125553 	
154	950	4248	20	 125613 	
155	950	4265	20	 125633 	
156	950	4358	20	 125654 	
157	950	4392	20	 125714 	
158	950	4373	20	 125734 	
159	950	4352	20	 125754 	
160	950	4314	20	 125815 	
161	950	4200	20	 125835 	
162	950	4294	20	 125855 	
163	950	4325	20	 125916 	
164	950	4171	20	 125936 	
165	950	4319	20	 125956 	
166	950	4336	20	 010017 	
167	950	4226	20	 010037 	
168	950	4193	20	 010057 	
169	950	4261	20	 010118 	
170	950	4357	20	 010138 	
171	950	4364	20	 010158 	
172	950	4190	20	 010219 	
173	950	4164	20	 010239 	
174	950	4263	20	 010259 	
175	950	4218	20	 010319 	
176	950	4374	20	 010340 	
177	950	4321	20	 010400 	
178	950	4297	20	 010420 	
179	950	4211	20	 010441 	
180	950	4236	20	 010501 	
181	950	4266	20	 010521 	
182	950	4272	20	 010541 	
183	950	4210	20	 010602 	
184	950	4204	20	 010622 	
185	950	4322	20	 010642 	
186	950	4234	20	 010703 	
187	950	4311	20	 010723 	
188	950	4319	20	 010743 	
189	950	4376	20	 010804 	
190	950	4277	20	 010824 	
191	950	4323	20	 010844 	
192	950	4270	20	 010904 	
193	950	4282	20	 010925 	
194	950	4284	20	 010945 	
195	950	4231	20	 011005 	
196	950	4265	20	 011026 	
197	950	4270	20	 011046 	
198	950	4314	20	 011106 	
199	950	4332	20	 011126 	
200	950	4338	20	 011147 	
201	950	4291	20	 011207 	
202	950	4222	20	 011227 	
203	950	4353	20	 011248 	
204	950	4295	20	 011308 	
205	950	4243	20	 011328 	
206	950	4292	20	 011348 	
207	950	4401	20	 011409 	
208	950	4326	20	 011429 	
209	950	4289	20	 011449 	
210	950	4372	20	 011510 	
211	950	4155	20	 011530 	
212	950	4237	20	 011550 	
213	950	4267	20	 011611 	
214	950	4241	20	 011631 	
215	950	4218	20	 011651 	
216	950	4228	20	 011712 	
217	950	4432	20	 011732 	
218	950	4239	20	 011752 	
219	950	4208	20	 011813 	
220	950	4205	20	 011833 	
221	950	4264	20	 011853 	
222	950	4298	20	 011914 	
223	950	4261	20	 011934 	
224	950	4337	20	 011954 	
225	950	4313	20	 012015 	
226	950	4190	20	 012035 	
227	950	4209	20	 012055 	
228	950	4286	20	 012115 	
229	950	4347	20	 012136 	
230	950	4330	20	 012156 	
231	950	4284	20	 012216 	
232	950	4305	20	 012237 	
233	950	4204	20	 012257 	
234	950	4176	20	 012317 	
235	950	4250	20	 012338 	
236	950	4334	20	 012358 	
237	950	4315	20	 012418 	
238	950	4305	20	 012438 	
239	950	4226	20	 012459 	
240	950	4253	20	 012519 	
241	950	4299	20	 012539 	
242	950	4295	20	 012600 	
243	950	4247	20	 012620 	
244	950	4263	20	 012640 	
245	950	4108	20	 012701 	
246	950	4275	20	 012721 	
247	950	4344	20	 012741 	
248	950	4294	20	 012801 	
249	950	4323	20	 012822 	
250	950	4230	20	 012842 	
251	950	4367	20	 012902 	
252	950	4258	20	 012923 	
253	950	4308	20	 012943 	
254	950	4262	20	 013003 	
255	950	4218	20	 013024 	
256	950	4265	20	 013044 	
257	950	4181	20	 013104 	
258	950	4298	20	 013125 	
259	950	4244	20	 013145 	
260	950	4293	20	 013205 	
261	950	4298	20	 013226 	
262	950	4255	20	 013246 	
263	950	4264	20	 013306 	
264	950	4352	20	 013326 	
265	950	4287	20	 013347 	
266	950	4359	20	 013407 	
267	950	4293	20	 013427 	
268	950	4307	20	 013448 	
269	950	4320	20	 013508 	
270	950	4231	20	 013528 	
271	950	4319	20	 013549 	
272	950	4298	20	 013609 	
273	950	4346	20	 013629 	
274	950	4306	20	 013650 	
275	950	4383	20	 013710 	
276	950	4267	20	 013730 	
277	950	4322	20	 013750 	
278	950	4228	20	 013811 	
279	950	4370	20	 013831 	
280	950	4371	20	 013851 	
281	950	4486	20	 013911 	
282	950	4281	20	 013932 	
283	950	4225	20	 013952 	
284	950	4356	20	 014012 	
285	950	4363	20	 014033 	
286	950	4251	20	 014053 	
287	950	4217	20	 014113 	
288	950	4224	20	 014134 	
289	950	4251	20	 014154 	
290	950	4287	20	 014214 	
291	950	4251	20	 014234 	
292	950	4356	20	 014255 	
293	950	4273	20	 014315 	
294	950	4307	20	 014335 	
295	950	4295	20	 014356 	
296	950	4206	20	 014416 	
297	950	4252	20	 014436 	
298	950	4171	20	 014456 	
299	950	4187	20	 014517 	
300	950	4216	20	 014537 	
301	950	4252	20	 014557 	
302	950	4250	20	 014618 	
303	950	4274	20	 014638 	
304	950	4373	20	 014658 	
305	950	4295	20	 014718 	
306	950	4227	20	 014739 	
307	950	4263	20	 014759 	
308	950	4345	20	 014819 	
309	950	4226	20	 014840 	
310	950	4273	20	 014900 	
311	950	4246	20	 014920 	
312	950	4173	20	 014940 	
313	950	4158	20	 015001 	
314	950	4305	20	 015021 	
315	950	4277	20	 015041 	
316	950	4336	20	 015102 	
317	950	4323	20	 015122 	
318	950	4312	20	 015142 	
319	950	4303	20	 015203 	
320	950	4230	20	 015223 	
321	950	4284	20	 015243 	
322	950	4280	20	 015303 	
323	950	4258	20	 015324 	
324	950	4316	20	 015344 	
325	950	4300	20	 015404 	
326	950	4242	20	 015424 	
327	950	4265	20	 015445 	
328	950	4278	20	 015505 	
329	950	4376	20	 015525 	
330	950	4318	20	 015546 	
331	950	4181	20	 015606 	
332	950	4205	20	 015626 	
333	950	4246	20	 015647 	
334	950	4327	20	 015707 	
335	950	4236	20	 015727 	
336	950	4223	20	 015747 	
337	950	4307	20	 015808 	
338	950	4355	20	 015828 	
339	950	4256	20	 015848 	
340	950	4353	20	 015909 	
341	950	4221	20	 015929 	
342	950	4433	20	 015949 	
343	950	4294	20	 020010 	
344	950	4313	20	 020030 	
345	950	4369	20	 020050 	
346	950	4185	20	 020110 	
347	950	4277	20	 020131 	
348	950	4173	20	 020151 	
349	950	4279	20	 020211 	
350	950	4339	20	 020231 	
351	950	4361	20	 020252 	
352	950	4306	20	 020312 	
353	950	4353	20	 020332 	
354	950	4354	20	 020353 	
355	950	4315	20	 020413 	
356	950	4198	20	 020433 	
357	950	4217	20	 020454 	
358	950	4303	20	 020514 	
359	950	4274	20	 020534 	
360	950	4360	20	 020554 	
361	950	4342	20	 020615 	
362	950	4253	20	 020635 	
363	950	4261	20	 020655 	
364	950	4325	20	 020716 	
365	950	4212	20	 020736 	
366	950	4254	20	 020756 	
367	950	4285	20	 020817 	
368	950	4315	20	 020837 	
369	950	4276	20	 020857 	
370	950	4110	20	 020918 	
371	950	4298	20	 020938 	
372	950	4307	20	 020958 	
373	950	4235	20	 021018 	
374	950	4294	20	 021039 	
375	950	4393	20	 021059 	
376	950	4226	20	 021119 	
377	950	4269	20	 021140 	
378	950	4248	20	 021200 	
379	950	4349	20	 021220 	
380	950	4232	20	 021240 	
381	950	4288	20	 021301 	
382	950	4279	20	 021321 	
383	950	4418	20	 021341 	
384	950	4209	20	 021402 	
385	950	4408	20	 021422 	
386	950	4256	20	 021442 	
387	950	4251	20	 021503 	
388	950	4303	20	 021523 	
389	950	4289	20	 021543 	
390	950	4302	20	 021603 	
391	950	4223	20	 021624 	
392	950	4328	20	 021644 	
393	950	4436	20	 021704 	
394	950	4350	20	 021725 	
395	950	4215	20	 021745 	
396	950	4321	20	 021805 	
397	950	4352	20	 021826 	
398	950	4296	20	 021846 	
399	950	4240	20	 021906 	
400	950	4344	20	 021926 	
401	950	4238	20	 021947 	
402	950	4294	20	 022007 	
403	950	4295	20	 022027 	
404	950	4277	20	 022048 	
405	950	4179	20	 022108 	
406	950	4267	20	 022128 	
407	950	4290	20	 022149 	
408	950	4332	20	 022209 	
409	950	4371	20	 022229 	
410	950	4322	20	 022250 	
411	950	4298	20	 022310 	
412	950	4253	20	 022330 	
413	950	4207	20	 022351 	
414	950	4297	20	 022411 	
415	950	4342	20	 022431 	
416	950	4226	20	 022452 	
417	950	4249	20	 022512 	
418	950	4286	20	 022532 	
419	950	4341	20	 022553 	
420	950	4310	20	 022613 	
421	950	4271	20	 022633 	
422	950	4332	20	 022653 	
423	950	4229	20	 022714 	
424	950	4223	20	 022734 	
425	950	4276	20	 022754 	
426	950	4226	20	 022814 	
427	950	4317	20	 022835 	
428	950	4223	20	 022855 	
429	950	4363	20	 022916 	
430	950	4377	20	 022936 	
431	950	4331	20	 022956 	
432	950	4280	20	 023016 	
433	950	4289	20	 023037 	
434	950	4234	20	 023057 	
435	950	4361	20	 023117 	
436	950	4228	20	 023138 	
437	950	4335	20	 023158 	
438	950	4306	20	 023218 	
439	950	4286	20	 023238 	
440	950	4409	20	 023259 	
441	950	4267	20	 023319 	
442	950	4259	20	 023339 	
443	950	4320	20	 023400 	
444	950	4308	20	 023420 	
445	950	4318	20	 023440 	
446	950	4313	20	 023501 	
447	950	4186	20	 023521 	
448	950	4318	20	 023541 	
449	950	4342	20	 023602 	
450	950	4299	20	 023622 	
451	950	4318	20	 023642 	
452	950	4366	20	 023702 	
453	950	4161	20	 023723 	
454	950	4362	20	 023743 	
455	950	4402	20	 023803 	
456	950	4279	20	 023824 	
457	950	4199	20	 023844 	
458	950	4316	20	 023904 	
459	950	4198	20	 023925 	
460	950	4228	20	 023945 	
461	950	4260	20	 024005 	
462	950	4338	20	 024026 	
463	950	4350	20	 024046 	
464	950	4368	20	 024106 	
465	950	4304	20	 024126 	
466	950	4188	20	 024147 	
467	950	4241	20	 024207 	
468	950	4279	20	 024227 	
469	950	4356	20	 024248 	
470	950	4316	20	 024308 	
471	950	4331	20	 024328 	
472	950	4251	20	 024348 	
473	950	4437	20	 024409 	
474	950	4334	20	 024429 	
475	950	4234	20	 024449 	
476	950	4373	20	 024510 	
477	950	4253	20	 024530 	
478	950	4326	20	 024550 	
479	950	4217	20	 024611 	
480	950	4294	20	 024631 	
481	950	4275	20	 024651 	
482	950	4174	20	 024711 	
483	950	4273	20	 024732 	
484	950	4391	20	 024752 	
485	950	4397	20	 024812 	
486	950	4341	20	 024833 	
487	950	4291	20	 024853 	
488	950	4324	20	 024913 	
489	950	4273	20	 024933 	
490	950	4245	20	 024954 	
491	950	4232	20	 025014 	
492	950	4357	20	 025034 	
493	950	4315	20	 025055 	
494	950	4376	20	 025115 	
495	950	4243	20	 025135 	
496	950	4311	20	 025156 	
497	950	4319	20	 025216 	
498	950	4192	20	 025236 	
499	950	4278	20	 025256 	
500	950	4422	20	 025317 	
501	950	4258	20	 025337 	
502	950	4309	20	 025357 	
503	950	4393	20	 025417 	
504	950	4133	20	 025438 	
505	950	4228	20	 025458 	
506	950	4324	20	 025518 	
507	950	4224	20	 025539 	
508	950	4238	20	 025559 	
509	950	4303	20	 025619 	
510	950	4286	20	 025640 	
511	950	4335	20	 025700 	
512	950	4237	20	 025720 	
513	950	4345	20	 025740 	
514	950	4310	20	 025801 	
515	950	4334	20	 025821 	
516	950	4230	20	 025841 	
517	950	4315	20	 025902 	
518	950	4238	20	 025922 	
519	950	4152	20	 025942 	
520	950	4254	20	 030002 	
521	950	4214	20	 030023 	
522	950	4338	20	 030043 	
523	950	4265	20	 030103 	
524	950	4199	20	 030124 	
525	950	4365	20	 030144 	
526	950	4253	20	 030204 	
527	950	4300	20	 030224 	
528	950	4175	20	 030245 	
529	950	4279	20	 030305 	
530	950	4259	20	 030325 	
531	950	4263	20	 030345 	
532	950	4174	20	 030406 	
533	950	4364	20	 030426 	
534	950	4266	20	 030446 	
535	950	4333	20	 030507 	
536	950	4340	20	 030527 	
537	950	4340	20	 030547 	
538	950	4234	20	 030607 	
539	950	4206	20	 030628 	
540	950	4274	20	 030648 	
541	950	4377	20	 030708 	
542	950	4272	20	 030729 	
543	950	4239	20	 030749 	
544	950	4198	20	 030809 	
545	950	4266	20	 030829 	
546	950	4280	20	 030850 	
547	950	4357	20	 030910 	
548	950	4247	20	 030930 	
549	950	4367	20	 030951 	
550	950	4241	20	 031011 	
551	950	4309	20	 031031 	
552	950	4264	20	 031052 	
553	950	4352	20	 031112 	
554	950	4285	20	 031132 	
555	950	4298	20	 031153 	
556	950	4365	20	 031213 	
557	950	4165	20	 031233 	
558	950	4211	20	 031253 	
559	950	4325	20	 031314 	
560	950	4290	20	 031334 	
561	950	4333	20	 031354 	
562	950	4239	20	 031415 	
563	950	4324	20	 031435 	
564	950	4210	20	 031455 	
565	950	4328	20	 031515 	
566	950	4275	20	 031536 	
567	950	4271	20	 031556 	
568	950	4333	20	 031616 	
569	950	4282	20	 031637 	
570	950	4205	20	 031657 	
571	950	4284	20	 031717 	
572	950	4329	20	 031737 	
573	950	4272	20	 031758 	
574	950	4187	20	 031818 	
575	950	4202	20	 031838 	
576	950	4325	20	 031859 	
577	950	4256	20	 031919 	
578	950	4233	20	 031939 	
579	950	4287	20	 032000 	
580	950	4293	20	 032020 	
581	950	4250	20	 032040 	
582	950	4287	20	 032101 	
583	950	4216	20	 032121 	
584	950	4301	20	 032141 	
585	950	4314	20	 032201 	
586	950	4190	20	 032222 	
587	950	4331	20	 032242 	
588	950	4319	20	 032302 	
589	950	4169	20	 032323 	
590	950	4323	20	 032343 	
591	950	4323	20	 032403 	
592	950	4362	20	 032423 	
593	950	4300	20	 032444 	
594	950	4293	20	 032504 	
595	950	4193	20	 032524 	
596	950	4298	20	 032545 	
597	950	4253	20	 032605 	
598	950	4357	20	 032625 	
599	950	4239	20	 032645 	
600	950	4347	20	 032706 	
601	950	4230	20	 032726 	
602	950	4222	20	 032746 	
603	950	4288	20	 032807 	
604	950	4267	20	 032827 	
605	950	4364	20	 032847 	
606	950	4307	20	 032908 	
607	950	4339	20	 032928 	
608	950	4300	20	 032948 	
609	950	4205	20	 033009 	
610	950	4260	20	 033029 	
611	950	4243	20	 033049 	
612	950	4362	20	 033109 	
613	950	4324	20	 033130 	
614	950	4345	20	 033150 	
615	950	4217	20	 033210 	
616	950	4297	20	 033230 	
617	950	4287	20	 033251 	
618	950	4434	20	 033311 	
619	950	4380	20	 033331 	
620	950	4328	20	 033352 	
621	950	4405	20	 033412 	
622	950	4298	20	 033432 	
623	950	4305	20	 033452 	
624	950	4203	20	 033513 	
625	950	4305	20	 033533 	
626	950	4190	20	 033553 	
627	950	4245	20	 033614 	
628	950	4172	20	 033634 	
629	950	4244	20	 033654 	
630	950	4214	20	 033715 	
631	950	4304	20	 033735 	
632	950	4355	20	 033755 	
633	950	4299	20	 033816 	
634	950	4330	20	 033836 	
635	950	4264	20	 033856 	
636	950	4271	20	 033917 	
637	950	4243	20	 033937 	
638	950	4317	20	 033957 	
639	950	4342	20	 034018 	
640	950	4320	20	 034038 	
641	950	4235	20	 034058 	
642	950	4308	20	 034119 	
643	950	4315	20	 034139 	
644	950	4360	20	 034159 	
645	950	4234	20	 034219 	
646	950	4186	20	 034240 	
647	950	4239	20	 034300 	
648	950	4272	20	 034320 	
649	950	4205	20	 034341 	
650	950	4195	20	 034401 	
651	950	4251	20	 034421 	
652	950	4385	20	 034442 	
653	950	4254	20	 034502 	
654	950	4214	20	 034522 	
655	950	4365	20	 034542 	
656	950	4241	20	 034603 	
657	950	4288	20	 034623 	
658	950	4284	20	 034643 	
659	950	4236	20	 034704 	
660	950	4345	20	 034724 	
661	950	4397	20	 034744 	
662	950	4213	20	 034805 	
663	950	4219	20	 034825 	
664	950	4231	20	 034845 	
665	950	4344	20	 034905 	
666	950	4364	20	 034926 	
667	950	4261	20	 034946 	
668	950	4246	20	 035006 	
669	950	4445	20	 035027 	
670	950	4223	20	 035047 	
671	950	4313	20	 035107 	
672	950	4270	20	 035127 	
673	950	4346	20	 035148 	
674	950	4249	20	 035208 	
675	950	4201	20	 035228 	
676	950	4253	20	 035249 	
677	950	4312	20	 035309 	
678	950	4295	20	 035329 	
679	950	4246	20	 035350 	
680	950	4154	20	 035410 	
681	950	4288	20	 035430 	
682	950	4310	20	 035451 	
683	950	4397	20	 035511 	
684	950	4243	20	 035531 	
685	950	4318	20	 035552 	
686	950	4320	20	 035612 	
687	950	4306	20	 035632 	
688	950	4351	20	 035652 	
689	950	4283	20	 035713 	
690	950	4322	20	 035733 	
691	950	4183	20	 035753 	
692	950	4244	20	 035814 	
693	950	4287	20	 035834 	
694	950	4409	20	 035854 	
695	950	4294	20	 035914 	
696	950	4373	20	 035935 	
697	950	4309	20	 035955 	
698	950	4162	20	 040015 	
699	950	4293	20	 040036 	
700	950	4302	20	 040056 	
701	950	4295	20	 040116 	
702	950	4345	20	 040136 	
703	950	4293	20	 040157 	
704	950	4233	20	 040217 	
705	950	4404	20	 040237 	
706	950	4329	20	 040257 	
707	950	4264	20	 040318 	
708	950	4258	20	 040338 	
709	950	4199	20	 040358 	
710	950	4327	20	 040419 	
711	950	4257	20	 040439 	
712	950	4254	20	 040459 	
713	950	4221	20	 040520 	
714	950	4272	20	 040540 	
715	950	4378	20	 040600 	
716	950	4280	20	 040621 	
717	950	4294	20	 040641 	
718	950	4251	20	 040701 	
719	950	4334	20	 040721 	
720	950	4227	20	 040742 	
721	950	4353	20	 040802 	
722	950	4214	20	 040822 	
723	950	4249	20	 040842 	
724	950	4162	20	 040903 	
725	950	4178	20	 040923 	
726	950	4398	20	 040943 	
727	950	4341	20	 041004 	
728	950	4306	20	 041024 	
729	950	4328	20	 041044 	
730	950	4259	20	 041104 	
731	950	4297	20	 041125 	
732	950	4217	20	 041145 	
733	950	4284	20	 041205 	
734	950	4330	20	 041225 	
735	950	4279	20	 041246 	
736	950	4373	20	 041306 	
737	950	4306	20	 041326 	
738	950	4342	20	 041347 	
739	950	4287	20	 041407 	
740	950	4364	20	 041427 	
741	950	4290	20	 041448 	
742	950	4253	20	 041508 	
743	950	4268	20	 041528 	
744	950	4313	20	 041548 	
745	950	4225	20	 041609 	
746	950	4272	20	 041629 	
747	950	4231	20	 041649 	
748	950	4325	20	 041709 	
749	950	4238	20	 041730 	
750	950	4349	20	 041750 	
751	950	4301	20	 041810 	
752	950	4231	20	 041831 	
753	950	4352	20	 041851 	
754	950	4365	20	 041911 	
755	950	4352	20	 041932 	
756	950	4262	20	 041952 	
757	950	4394	20	 042012 	
758	950	4183	20	 042032 	
759	950	4235	20	 042053 	
760	950	4214	20	 042113 	
761	950	4386	20	 042133 	
762	950	4245	20	 042154 	
763	950	4170	20	 042214 	
764	950	4354	20	 042234 	
765	950	4331	20	 042254 	
766	950	4245	20	 042315 	
767	950	4286	20	 042335 	
768	950	4354	20	 042355 	
769	950	4330	20	 042416 	
770	950	4351	20	 042436 	
771	950	4201	20	 042456 	
772	950	4346	20	 042516 	
773	950	4307	20	 042537 	
774	950	4288	20	 042557 	
775	950	4391	20	 042617 	
776	950	4277	20	 042638 	
777	950	4380	20	 042658 	
778	950	4179	20	 042718 	
779	950	4252	20	 042738 	
780	950	4288	20	 042759 	
781	950	4332	20	 042819 	
782	950	4382	20	 042839 	
783	950	4372	20	 042900 	
784	950	4302	20	 042920 	
785	950	4273	20	 042940 	
786	950	4356	20	 043001 	
787	950	4293	20	 043021 	
788	950	4222	20	 043041 	
789	950	4263	20	 043101 	
790	950	4381	20	 043122 	
791	950	4348	20	 043142 	
792	950	4303	20	 043202 	
793	950	4238	20	 043223 	
794	950	4263	20	 043243 	
795	950	4443	20	 043303 	
796	950	4323	20	 043323 	
797	950	4366	20	 043344 	
798	950	4220	20	 043404 	
799	950	4196	20	 043424 	
800	950	4288	20	 043445 	
801	950	4280	20	 043505 	
802	950	4309	20	 043525 	
803	950	4283	20	 043545 	
804	950	4325	20	 043606 	
805	950	4292	20	 043626 	
806	950	4219	20	 043647 	
807	950	4343	20	 043707 	
808	950	4205	20	 043727 	
809	950	4309	20	 043747 	
810	950	4160	20	 043808 	
811	950	4287	20	 043828 	
812	950	4293	20	 043848 	
813	950	4304	20	 043908 	
814	950	4185	20	 043929 	
815	950	4250	20	 043949 	
816	950	4257	20	 044010 	
817	950	4219	20	 044030 	
818	950	4296	20	 044050 	
819	950	4307	20	 044110 	
820	950	4347	20	 044131 	
821	950	4155	20	 044151 	
822	950	4289	20	 044211 	
823	950	4366	20	 044232 	
824	950	4353	20	 044252 	
825	950	4365	20	 044312 	
826	950	4252	20	 044333 	
827	950	4148	20	 044353 	
828	950	4254	20	 044413 	
829	950	4228	20	 044433 	
830	950	4191	20	 044454 	
831	950	4309	20	 044514 	
832	950	4332	20	 044534 	
833	950	4363	20	 044555 	
834	950	4241	20	 044615 	
835	950	4280	20	 044635 	
836	950	4312	20	 044655 	
837	950	4247	20	 044716 	
838	950	4234	20	 044736 	
839	950	4364	20	 044756 	
840	950	4157	20	 044817 	
841	950	4252	20	 044837 	
842	950	4245	20	 044857 	
843	950	4390	20	 044917 	
844	950	4164	20	 044938 	
845	950	4338	20	 044958 	
846	950	4211	20	 045018 	
847	950	4231	20	 045039 	
848	950	4265	20	 045059 	
849	950	4404	20	 045119 	
850	950	4323	20	 045140 	
851	950	4234	20	 045200 	
852	950	4182	20	 045220 	
853	950	4307	20	 045240 	
854	950	4192	20	 045301 	
855	950	4285	20	 045321 	
856	950	4318	20	 045341 	
857	950	4262	20	 045402 	
858	950	4135	20	 045422 	
859	950	4271	20	 045442 	
860	950	4252	20	 045502 	
861	950	4268	20	 045523 	
862	950	4252	20	 045543 	
863	950	4354	20	 045603 	
864	950	4357	20	 045624 	
865	950	4369	20	 045644 	
866	950	4289	20	 045704 	
867	950	4231	20	 045724 	
868	950	4237	20	 045745 	
869	950	4366	20	 045805 	
870	950	4328	20	 045825 	
871	950	4368	20	 045846 	
872	950	4348	20	 045906 	
873	950	4288	20	 045926 	
874	950	4229	20	 045947 	
875	950	4344	20	 050007 	
876	950	4297	20	 050027 	
877	950	4208	20	 050047 	
878	950	4368	20	 050108 	
879	950	4297	20	 050128 	
880	950	4330	20	 050148 	
881	950	4233	20	 050208 	
882	950	4253	20	 050229 	
883	950	4322	20	 050249 	
884	950	4185	20	 050309 	
885	950	4443	20	 050330 	
886	950	4225	20	 050350 	
887	950	4282	20	 050410 	
888	950	4375	20	 050431 	
889	950	4216	20	 050451 	
890	950	4305	20	 050511 	
891	950	4249	20	 050532 	
892	950	4176	20	 050552 	
893	950	4191	20	 050612 	
894	950	4243	20	 050633 	
895	950	4326	20	 050653 	
896	950	4211	20	 050713 	
897	950	4190	20	 050733 	
898	950	4184	20	 050754 	
899	950	4255	20	 050814 	
900	950	4261	20	 050834 	
901	950	4268	20	 050855 	
902	950	4241	20	 050915 	
903	950	4330	20	 050935 	
904	950	4220	20	 050956 	
905	950	4148	20	 051016 	
906	950	4300	20	 051036 	
907	950	4239	20	 051056 	
908	950	4058	20	 051117 	
909	950	4371	20	 051137 	
910	950	4293	20	 051157 	
911	950	4288	20	 051218 	
912	950	4449	20	 051238 	
913	950	4232	20	 051258 	
914	950	4323	20	 051318 	
915	950	4233	20	 051339 	
916	950	4304	20	 051359 	
917	950	4336	20	 051419 	
918	950	4349	20	 051440 	
919	950	4309	20	 051500 	
920	950	4278	20	 051520 	
921	950	4368	20	 051540 	
922	950	4367	20	 051601 	
923	950	4435	20	 051621 	
924	950	4226	20	 051641 	
925	950	4292	20	 051702 	
926	950	4497	20	 051722 	
927	950	4499	20	 051742 	
928	950	4389	20	 051802 	
929	950	4324	20	 051823 	
930	950	4376	20	 051843 	
931	950	4291	20	 051903 	
932	950	4383	20	 051924 	
933	950	4226	20	 051944 	
934	950	4226	20	 052004 	
935	950	4385	20	 052025 	
936	950	4316	20	 052045 	
937	950	4356	20	 052105 	
938	950	4376	20	 052126 	
939	950	4373	20	 052146 	
940	950	4258	20	 052206 	
941	950	4327	20	 052226 	
942	950	4290	20	 052247 	
943	950	4367	20	 052307 	
944	950	4282	20	 052327 	
945	950	4281	20	 052348 	
946	950	4351	20	 052408 	
947	950	4460	20	 052428 	
948	950	4322	20	 052449 	
949	950	4397	20	 052509 	
950	950	4298	20	 052529 	
951	950	4261	20	 052549 	
952	950	4264	20	 052610 	
953	950	4230	20	 052630 	
954	950	4375	20	 052651 	
955	950	4185	20	 052711 	
956	950	4268	20	 052731 	
957	950	4296	20	 052751 	
958	950	4388	20	 052812 	
959	950	4268	20	 052832 	
960	950	4308	20	 052852 	
961	950	4280	20	 052913 	
962	950	4346	20	 052933 	
963	950	4349	20	 052953 	
964	950	4331	20	 053013 	
965	950	4253	20	 053034 	
966	950	4175	20	 053054 	
967	950	4344	20	 053114 	
968	950	4158	20	 053134 	
969	950	4300	20	 053155 	
970	950	4262	20	 053215 	
971	950	4194	20	 053235 	
972	950	4237	20	 053255 	
973	950	4365	20	 053316 	
974	950	4300	20	 053336 	
975	950	4389	20	 053356 	
976	950	4310	20	 053417 	
977	950	4327	20	 053437 	
978	950	4264	20	 053457 	
979	950	4329	20	 053517 	
980	950	4310	20	 053538 	
981	950	4169	20	 053558 	
982	950	4307	20	 053618 	
983	950	4361	20	 053639 	
984	950	4300	20	 053659 	
985	950	4274	20	 053719 	
986	950	4396	20	 053740 	
987	950	4425	20	 053800 	
988	950	4358	20	 053820 	
989	950	4410	20	 053840 	
990	950	4304	20	 053901 	
991	950	4278	20	 053921 	
992	950	4228	20	 053941 	
993	950	4334	20	 054002 	
994	950	4254	20	 054022 	
995	950	4320	20	 054042 	
996	950	4281	20	 054103 	
997	950	4375	20	 054123 	
998	950	4305	20	 054143 	
999	950	4294	20	 054203 	
1000 950 4243	20	 054224 	
